folder_name,seed,max_steps,game,final_global_step,final_expl0,final_expl1,final_avg_exploitability,algorithm_name_config,alpha_config,anneal_lr_config,beta_config,clip_coef_config,clip_vloss_config,cuda_config,ent_coef_config,eval_every_config,gae_config,gae_lambda_config,gamma_config,iem_lr_config,learning_rate_config,max_grad_norm_config,norm_adv_config,num_envs_config,num_minibatches_config,num_steps_config,policy_head_config,target_kl_config,tsallis_q_config,update_epochs_config,vf_coef_config
2025-12-17_17-45-47-095146_f2ff7f,0,1000000,classical_phantom_ttt,1000448.0,1.0000676878571444,0.9999078238596716,0.999987755858408,iem_ppo,0.5,True,0.1,0.1,True,False,0.0,10,True,0.95,0.99,0.0001,0.00025,0.5,True,8,4,128,,,,4,0.5
2025-12-18_16-33-06-328447_57886e,0,1000000,classical_phantom_ttt,600064.0,0.9992629803135938,1.0006824127601772,0.9999726965368856,iem_ppo,0.5,True,0.1,0.1,True,False,0.0,10,True,0.95,0.99,0.0001,0.00025,0.5,True,8,4,128,,,,4,0.5
2025-12-18_19-27-15-102795_f0d9ed,0,1000000,classical_phantom_ttt,1000448.0,1.0000676878571444,0.9999078238596716,0.999987755858408,iem_ppo,0.5,True,0.1,0.1,True,False,0.0,10,True,0.95,0.99,0.0001,0.00025,0.5,True,8,4,128,,,,4,0.5
2026-02-14_11-28-07-714521_a41ee1,1,3000000,classical_phantom_ttt,2200576.0,0.5394790368048843,0.6037691259001765,0.5716240813525304,iem_ppo,0.6,True,10.0,0.1,True,False,1.0,10,True,0.95,0.99,0.00025,0.00025,0.5,True,8,4,128,,,,4,0.5
2026-02-14_12-11-46-298991_765370,1,3000000,classical_phantom_ttt,3000320.0,0.2470008763603816,0.3076989255522153,0.2773499009562984,iem_ppo,0.6,True,10.0,0.1,True,False,0.5,10,True,0.95,0.99,0.00025,0.00025,0.5,True,8,4,128,,,,4,0.5
2026-02-14_13-41-24-756857_f347e6_0.3_seed1,1,3000000,classical_phantom_ttt,3000320.0,0.1824356581162172,0.1886903747930666,0.1855630164546419,iem_ppo,0.6,True,10.0,0.1,True,False,0.3,10,True,0.95,0.99,0.00025,0.00025,0.5,True,8,4,128,,,,4,0.5
2026-02-14_14-35-24-443555_39a70e_0.3_seed0,0,3000000,classical_phantom_ttt,3000320.0,0.1721455239488439,0.1847781783028169,0.1784618511258304,iem_ppo,0.6,True,10.0,0.1,True,False,0.3,10,True,0.95,0.99,0.00025,0.00025,0.5,True,8,4,128,,,,4,0.5
2026-02-14_16-06-08-670344_1bc7b1_0.4_seed0,0,3000000,classical_phantom_ttt,3000320.0,0.2014630253868561,0.2578564628413936,0.22965974411412482,iem_ppo,0.6,True,10.0,0.1,True,False,0.4,10,True,0.95,0.99,0.00025,0.00025,0.5,True,8,4,128,,,,4,0.5
2026-02-14_23-21-58-743637_adc759_0.2_seed0,0,3000000,classical_phantom_ttt,3000320.0,0.1588146584055693,0.1468016360859232,0.15280814724574626,iem_ppo,0.6,True,10.0,0.1,True,False,0.2,10,True,0.95,0.99,0.00025,0.00025,0.5,True,8,4,128,,,,4,0.5
2026-02-15_08-30-28-746693_3af8ee_0.1_seed0,0,3000000,classical_phantom_ttt,3000320.0,0.2486561557220274,0.3462453678689945,0.29745076179551094,iem_ppo,0.6,True,10.0,0.1,True,False,0.1,10,True,0.95,0.99,0.00025,0.00025,0.5,True,8,4,128,,,,4,0.5
2026-02-15_14-00-30-469450_2dd2d2_0.2_seed1,1,3000000,classical_phantom_ttt,3000320.0,0.2934389053182469,0.1466595715138935,0.22004923841607021,iem_ppo,0.6,True,10.0,0.1,True,False,0.2,10,True,0.95,0.99,0.00025,0.00025,0.5,True,8,4,128,,,,4,0.5
2026-02-15_14-56-54-420419_6bbf92_0.25_seed0,0,3000000,classical_phantom_ttt,3000320.0,0.2252213126993896,0.1630343133059298,0.1941278130026597,iem_ppo,0.6,True,10.0,0.1,True,False,0.25,10,True,0.95,0.99,0.00025,0.00025,0.5,True,8,4,128,,,,4,0.5
2026-02-15_15-51-47-669249_838895,0,5000000,classical_phantom_ttt,5000192.0,0.1743721322923557,0.1646317900190546,0.16950196115570515,iem_ppo,0.6,True,10.0,0.1,True,False,0.3,10,True,0.95,0.99,0.00025,0.00025,0.5,True,8,4,128,,,,4,0.5
2026-02-16_08-17-16-597422_85f0fa,0,5000000,classical_phantom_ttt,5000192.0,0.1510620955315447,0.137427837018234,0.14424496627488936,iem_ppo,0.6,True,10.0,0.1,True,False,0.2,10,True,0.95,0.99,0.00025,0.00025,0.5,True,8,4,128,,,,4,0.5
2026-02-16_11-34-16-939439_17b20b,0,5000000,classical_phantom_ttt,5000192.0,0.2782762976869908,0.1577465267973665,0.21801141224217865,iem_ppo,0.6,True,10.0,0.1,True,False,0.2,10,True,0.95,0.99,0.00025,0.00025,0.5,True,8,4,128,,,,4,0.5
2026-02-16_22-42-58-752357_eee274_0.995_good,0,5000000,classical_phantom_ttt,5000192.0,0.1805304494054657,0.1262965194160892,0.15341348441077746,iem_ppo,0.6,True,10.0,0.1,True,False,0.2,10,True,0.95,0.99,0.00025,0.00025,0.5,True,8,4,128,,,,4,0.5
2026-02-18_09-11-18-592073_394ce6_tsallis_iem_seed0,0,5000000,classical_phantom_ttt,5000192.0,0.149724535984805,0.1020247885574258,0.1258746622711154,iem_ppo,0.6,True,10.0,0.1,True,False,0.2,10,True,0.95,0.99,0.00025,0.00025,0.5,True,8,4,128,,,,4,0.5
2026-02-20_16-43-50-368597_916aeb_tsallis_noIem,0,5000000,classical_phantom_ttt,5000192.0,0.174347991594379,0.1377126973190415,0.15603034445671027,iem_ppo,0.6,True,0.0,0.1,True,False,0.2,10,True,0.95,0.99,0.00025,0.00025,0.5,True,8,4,128,,,,4,0.5
2026-02-20_19-24-29-719604_20bf95_seed1_noiem,1,3000000,classical_phantom_ttt,3000320.0,0.2650658146908778,0.1257684899738358,0.1954171523323568,iem_ppo,0.6,True,0.0,0.1,True,False,0.2,10,True,0.95,0.99,0.00025,0.00025,0.5,True,8,4,128,,,,4,0.5
2026-02-20_20-52-13-276277_6d6e5c_seed2_noiem,2,3000000,classical_phantom_ttt,3000320.0,0.2218080457577551,0.1374150188410132,0.17961153229938415,iem_ppo,0.6,True,0.0,0.1,True,False,0.2,10,True,0.95,0.99,0.00025,0.00025,0.5,True,8,4,128,,,,4,0.5
2026-02-20_23-25-56-858289_3d38df_seed1_iem,1,3000000,classical_phantom_ttt,3000320.0,0.1934065206392351,0.1605475190286089,0.176977019833922,iem_ppo,0.6,True,10.0,0.1,True,False,0.2,10,True,0.95,0.99,0.00025,0.00025,0.5,True,8,4,128,,,,4,0.5
2026-02-21_16-06-57-789331_7b9bdc,0,3000000,classical_phantom_ttt,3000320.0,0.2420303191703568,0.1396220759150142,0.19082619754268548,iem_ppo,0.6,True,0.0,0.1,True,False,0.2,10,True,0.95,0.99,0.00025,0.00025,0.5,True,8,4,128,,,,4,0.5
2026-02-22_13-37-42-010827_55bef1_seed0_withIEM_sameexplorationastsallis,0,3000000,classical_phantom_ttt,3000320.0,0.2822335371000413,0.1429165858705907,0.212575061485316,iem_ppo,0.6,True,10.0,0.1,True,False,0.2,10,True,0.95,0.99,0.00025,0.00025,0.5,True,8,4,128,,,,4,0.5
2026-02-22_17-16-42-757641_63ced0,0,3000000,classical_phantom_ttt,3000320.0,0.3171123313850919,0.1551177632758158,0.23611504733045385,iem_ppo,0.6,True,20.0,0.1,True,False,0.2,10,True,0.95,0.99,0.00025,0.00025,0.5,True,8,4,128,,,,4,0.5
2026-02-22_23-28-55-760625_ddd58d,0,3000000,classical_phantom_ttt,3000320.0,0.3230326853053074,0.1830493379421571,0.25304101162373227,iem_ppo,0.7,True,20.0,0.1,True,False,0.2,10,True,0.95,0.99,0.00025,0.00025,0.5,True,8,4,128,,,,4,0.5
2026-02-23_08-47-46-403148_fb46f9,0,3000000,classical_phantom_ttt,3000320.0,0.5536824228428779,0.3374704552912148,0.44557643906704636,iem_ppo,0.8,True,50.0,0.1,True,False,0.2,10,True,0.95,0.99,0.0005,0.00025,0.5,True,8,4,128,,,,4,0.5
2026-02-23_11-04-41-517078_91012f,0,3000000,classical_phantom_ttt,3000320.0,0.3230024234846339,0.2570074855902151,0.2900049545374245,iem_ppo,0.8,True,50.0,0.1,True,False,0.2,10,True,0.95,0.99,0.0005,0.00025,0.5,True,8,4,128,,,,4,0.5
2026-02-23_12-29-07-351180_2e53a4,0,3000000,classical_phantom_ttt,3000320.0,0.3230024234846339,0.2570074855902151,0.2900049545374245,iem_ppo,0.8,True,50.0,0.1,True,False,0.2,10,True,0.95,0.99,0.0005,0.00025,0.5,True,8,4,128,,,,4,0.5
2026-02-23_13-53-24-345930_af7838,0,3000000,classical_phantom_ttt,3000320.0,0.1856894567221925,0.1538723305649769,0.1697808936435847,iem_ppo,0.7,True,10.0,0.1,True,False,0.2,10,True,0.95,0.99,0.0005,0.00025,0.5,True,8,4,128,,,,4,0.5
2026-02-24_09-21-34-277238_ea1904_seed4_bad_0.7alpha,4,3000000,classical_phantom_ttt,3000320.0,0.2987269483251606,0.1929255816904409,0.24582626500780075,iem_ppo,0.7,True,10.0,0.1,True,False,0.2,10,True,0.95,0.99,0.0005,0.00025,0.5,True,8,4,128,,,,4,0.5
2026-02-24_15-49-21-745399_17283f,4,3000000,classical_phantom_ttt,3000320.0,0.2653914544617467,0.1695101322483291,0.21745079335503792,iem_ppo,0.8,True,10.0,0.1,True,False,0.2,10,True,0.95,0.99,0.0005,0.00025,0.5,True,8,4,128,,,,4,0.5
2026-02-24_19-49-29-583277_f0de5f_seed4_decent_0.7alpha,4,3000000,classical_phantom_ttt,3000320.0,0.1920210337088076,0.163074356438519,0.1775476950736633,iem_ppo,0.7,True,5.0,0.1,True,False,0.2,10,True,0.95,0.99,0.0005,0.00025,0.5,True,8,4,128,,,,4,0.5
2026-02-24_23-43-21-770499_93d3c0,5,3000000,classical_phantom_ttt,3000320.0,0.2415737288772108,0.1808901374744739,0.21123193317584235,iem_ppo,0.7,True,5.0,0.1,True,False,0.2,10,True,0.95,0.99,0.0005,0.00025,0.5,True,8,4,128,,,,4,0.5
2026-02-25_12-15-22-766380_4bbbc7_seed5_good_tsallis,5,3000000,classical_phantom_ttt,3000320.0,0.1835360751128081,0.1221393707682299,0.152837722940519,iem_ppo,0.7,True,1.0,0.1,True,True,0.2,100,True,0.95,0.99,0.0005,0.00025,0.5,True,8,4,128,,,,4,0.5
2026-02-25_12-32-48-887369_d48006_seed4_good_tsallis,4,3000000,classical_phantom_ttt,3000320.0,0.2071976929946402,0.1359517500132419,0.17157472150394104,iem_ppo,0.7,True,1.0,0.1,True,True,0.2,100,True,0.95,0.99,0.0005,0.00025,0.5,True,8,4,128,,,,4,0.5
2026-02-25_12-49-16-475647_bc9da2_seed6_good_tsallis,6,3000000,classical_phantom_ttt,3000320.0,0.2064384416861672,0.1679103190125582,0.1871743803493627,iem_ppo,0.7,True,1.0,0.1,True,True,0.2,100,True,0.95,0.99,0.0005,0.00025,0.5,True,8,4,128,,,,4,0.5
2026-02-25_20-49-51-264327_b7009d,4,3000000,classical_phantom_ttt,3000320.0,0.3787926134677857,0.3459566316500623,0.362374622558924,iem_ppo,0.7,True,10.0,0.1,True,True,0.05,100,True,0.95,0.99,0.0005,0.00025,0.5,True,8,4,128,,,,4,0.5
2026-02-25_21-06-46-268553_a0227d_seed4_good_shannon,4,3000000,classical_phantom_ttt,3000320.0,0.1996578616122382,0.2230236565548958,0.211340759083567,iem_ppo,0.7,True,10.0,0.1,True,True,0.2,100,True,0.95,0.99,0.0005,0.00025,0.5,True,8,4,128,,,,4,0.5
2026-02-26_08-59-05-669270_a9f404_seed5_shannon,5,3000000,classical_phantom_ttt,3000320.0,0.2152599742324611,0.2430860037918533,0.2291729890121572,iem_ppo,0.7,True,10.0,0.1,True,True,0.2,100,True,0.95,0.99,0.0005,0.00025,0.5,True,8,4,128,,,,4,0.5
2026-02-26_09-14-35-982552_3bfd3c_seed6_shannon,6,3000000,classical_phantom_ttt,3000320.0,0.2151262000458437,0.2121222496374843,0.213624224841664,iem_ppo,0.7,True,10.0,0.1,True,True,0.2,100,True,0.95,0.99,0.0005,0.00025,0.5,True,8,4,128,,,,4,0.5
2026-02-26_10-43-57-820769_39c7e3_tsallis_sweeo,4,3000000,classical_phantom_ttt,3000320.0,0.1918216219715581,0.18740337922316,0.18961250059735907,iem_ppo,0.7,True,10.0,0.1,True,True,0.3,100,True,0.95,0.99,0.0005,0.00025,0.5,True,8,4,128,,,,4,0.5
2026-02-26_13-04-08-131383_7ea5f2,4,3000000,classical_phantom_ttt,3000320.0,0.2303595691020528,0.1743330683451585,0.20234631872360564,iem_ppo,0.7,True,1.0,0.1,True,True,0.3,100,True,0.95,0.99,0.0005,0.00025,0.5,True,8,4,128,,,,4,0.5
2026-02-26_13-20-40-005438_942d94,4,3000000,classical_phantom_ttt,3000320.0,0.2706119367280315,0.331261021577574,0.30093647915280275,iem_ppo,0.7,True,10.0,0.1,True,True,0.5,100,True,0.95,0.99,0.0005,0.00025,0.5,True,8,4,128,,,,4,0.5
2026-02-26_13-38-42-154929_f28d77,4,3000000,classical_phantom_ttt,3000320.0,0.2645523193968753,0.2461685504279921,0.2553604349124337,iem_ppo,0.7,True,10.0,0.1,True,True,0.4,100,True,0.95,0.99,0.0005,0.00025,0.5,True,8,4,128,,,,4,0.5
2026-02-26_13-55-44-476611_f629de,4,3000000,classical_phantom_ttt,3000320.0,0.3699867836699447,0.2002471629883763,0.28511697332916053,iem_ppo,0.7,True,10.0,0.1,True,True,0.25,100,True,0.95,0.99,0.0005,0.00025,0.5,True,8,4,128,,,,4,0.5
2026-02-26_14-14-08-107195_e6f018,4,3000000,classical_phantom_ttt,3000320.0,0.1741248165864229,0.1919893885474559,0.1830571025669394,iem_ppo,0.7,True,5.0,0.1,True,True,0.3,100,True,0.95,0.99,0.0005,0.00025,0.5,True,8,4,128,,,,4,0.5
2026-02-26_17-03-55-241120_2dd333,4,3000000,classical_phantom_ttt,3000320.0,0.1960653945273175,0.1522762560568525,0.174170825292085,iem_ppo,0.7,True,3.0,0.1,True,True,0.3,100,True,0.95,0.99,0.0005,0.00025,0.5,True,8,4,128,,,,4,0.5
2026-02-26_20-17-40-812165_f09308,4,3000000,classical_phantom_ttt,3000320.0,0.1941366379655912,0.1960741732996054,0.1951054056325983,iem_ppo,0.7,True,2.0,0.1,True,True,0.3,100,True,0.95,0.99,0.0005,0.00025,0.5,True,8,4,128,,,,4,0.5
2026-02-26_23-12-08-258137_f167b8,4,3000000,classical_phantom_ttt,3000320.0,0.1838234046223137,0.1763590931345741,0.1800912488784439,iem_ppo,0.6,True,3.0,0.1,True,True,0.3,100,True,0.95,0.99,0.0005,0.00025,0.5,True,8,4,128,,,,4,0.5
2026-02-26_23-30-14-129558_cafd5d,4,3000000,classical_phantom_ttt,3000320.0,0.2034522780525382,0.1538640854406798,0.17865818174660902,iem_ppo,0.6,True,1.0,0.1,True,True,0.2,100,True,0.95,0.99,0.0005,0.00025,0.5,True,8,4,128,,,,4,0.5
2026-02-27_00-02-35-214272_5eb0f0,4,3000000,classical_phantom_ttt,3000320.0,0.2012998731379819,0.1566807180916152,0.17899029561479857,iem_ppo,0.6,True,3.0,0.1,True,True,0.25,100,True,0.95,0.99,0.0005,0.00025,0.5,True,8,4,128,,,,4,0.5
2026-02-28_15-49-56-345744_1140f4,4,10000000,classical_phantom_ttt,10000384.0,0.134020441154456,0.132538953994495,0.1332796975744755,iem_ppo,0.4,True,3.0,0.1,True,True,0.25,100,True,0.95,0.99,0.0005,0.00025,0.5,True,8,4,128,,,,4,0.5
2026-02-28_17-02-21-369768_b63c85,4,10000000,classical_phantom_ttt,10000384.0,0.1629815360330478,0.1065597812405048,0.13477065863677629,iem_ppo,0.4,True,4.0,0.1,True,True,0.2,100,True,0.95,0.99,0.0005,0.00025,0.5,True,8,4,128,,,,4,0.5
2026-02-28_23-51-01-469671_68225a,4,10000000,classical_phantom_ttt,10000384.0,0.1799571861084253,0.1505814170846402,0.16526930159653275,iem_ppo,0.2,True,3.0,0.1,True,True,0.3,100,True,0.95,0.99,0.0005,0.00025,0.5,True,8,4,128,,,,4,0.5
2026-03-01_08-30-40-808700_724343,4,10000000,classical_phantom_ttt,10000384.0,0.1738678945004356,0.1597518217988479,0.16680985814964175,iem_ppo,0.3,True,3.0,0.1,True,True,0.3,100,True,0.95,0.99,0.0005,0.00025,0.5,True,8,4,128,,,,4,0.5
2026-03-01_15-20-24-682610_2f0537,4,10000000,classical_phantom_ttt,10000384.0,0.1815770493687835,0.1535222755947818,0.16754966248178266,iem_ppo,0.4,True,3.0,0.1,True,True,0.3,100,True,0.95,0.99,0.0005,0.00025,0.5,True,8,4,128,,,,4,0.5
2026-03-01_21-55-16-716949_0c2650,,10000000,classical_phantom_ttt,10000384.0,0.1622879850480725,0.1437675282938075,0.15302775667093999,iem_ppo,0.3,True,1.0,0.1,True,True,0.2,100,True,0.95,0.99,0.0005,0.00025,0.5,True,8,4,128,,,,4,0.5
2026-03-01_23-01-18-169193_fe77a3,4,10000000,classical_phantom_ttt,10000384.0,0.1622879850480725,0.1437675282938075,0.15302775667093999,iem_ppo,0.3,True,1.0,0.1,True,True,0.3,100,True,0.95,0.99,0.0005,0.00025,0.5,True,8,4,128,,,,4,0.5
2026-03-02_09-45-12-215606_818be3,4,10000000,classical_phantom_ttt,10000384.0,0.2393622367225635,0.1198484838110871,0.1796053602668253,iem_ppo,0.3,True,1.0,0.1,True,True,0.2,100,True,0.95,0.99,0.0005,0.00025,0.5,True,8,4,128,,,,4,0.5
2026-03-02_10-44-47-995502_9ca798,4,10000000,classical_phantom_ttt,10000384.0,0.1883461818765155,0.1348175468406733,0.1615818643585944,iem_ppo,0.3,True,3.0,0.1,True,True,0.25,100,True,0.95,0.99,0.0005,0.00025,0.5,True,8,4,128,,,,4,0.5
2026-03-02_11-56-00-148017_e19c32,4,10000000,classical_phantom_ttt,10000384.0,0.134020441154456,0.132538953994495,0.1332796975744755,iem_ppo,0.4,True,3.0,0.1,True,True,0.25,100,True,0.95,0.99,0.0005,0.00025,0.5,True,8,4,128,,,,4,0.5
2026-03-02_12-54-03-260763_9dd3b8,5,10000000,classical_phantom_ttt,10000384.0,0.1651896906969243,0.1296265619104017,0.147408126303663,iem_ppo,0.4,True,3.0,0.1,True,True,0.25,100,True,0.95,0.99,0.0005,0.00025,0.5,True,8,4,128,,,,4,0.5
2026-03-02_16-23-46-630631_96fc13,4,3000000,classical_phantom_ttt,3000320.0,0.161077569891505,0.1427364392740273,0.15190700458276615,iem_ppo,0.4,True,3.0,0.1,True,True,0.25,100,True,0.95,0.99,0.0005,0.00025,0.5,True,8,4,128,,,1.2,4,0.5
2026-03-02_16-47-05-479331_7b7c33,4,3000000,classical_phantom_ttt,3000320.0,0.1722825064022492,0.1556275333765528,0.163955019889401,iem_ppo,0.4,True,3.0,0.1,True,True,0.25,100,True,0.95,0.99,0.0005,0.00025,0.5,True,8,4,128,,,1.5,4,0.5
2026-03-02_17-29-12-075508_1944cd,4,3000000,classical_phantom_ttt,3000320.0,0.193186668376072,0.1662909846571465,0.17973882651660927,iem_ppo,0.4,True,3.0,0.1,True,True,0.25,100,True,0.95,0.99,0.0005,0.00025,0.5,True,8,4,128,,,1.8,4,0.5
2026-03-02_20-58-49-888165_e424d6,4,3000000,classical_phantom_ttt,3000320.0,0.2203974343747779,0.1776062144532418,0.19900182441400985,iem_ppo,0.4,True,3.0,0.1,True,True,0.25,100,True,0.95,0.99,0.0005,0.00025,0.5,True,8,4,128,,,2.0,4,0.5
2026-03-03_08-49-04-562914_43572d,4,10000000,classical_phantom_ttt,10000384.0,0.1519700672602588,0.1306209140487142,0.1412954906544865,iem_ppo,0.4,True,3.0,0.1,True,True,0.25,100,True,0.95,0.99,0.0005,0.00025,0.5,True,8,4,128,,,1.2,4,0.5
2026-03-03_10-46-53-782927_a1e512,4,10000000,classical_phantom_ttt,10000384.0,0.1575916406771893,0.141641969691708,0.14961680518444864,iem_ppo,0.4,True,3.0,0.1,True,True,0.25,100,True,0.95,0.99,0.0005,0.00025,0.5,True,8,4,128,,,1.5,4,0.5
2026-03-03_12-23-58-604672_247d4e,4,10000000,classical_phantom_ttt,10000384.0,0.1784268209285692,0.138293309231922,0.1583600650802456,iem_ppo,0.4,True,3.0,0.1,True,True,0.25,100,True,0.95,0.99,0.0005,0.00025,0.5,True,8,4,128,,,1.8,4,0.5
2026-03-03_13-39-16-524292_61cca4,4,10000000,classical_phantom_ttt,10000384.0,0.1484831101200647,0.1395367731757091,0.14400994164788689,iem_ppo,0.4,True,3.0,0.1,True,True,0.25,100,True,0.95,0.99,0.0005,0.00025,0.5,True,8,4,128,,,2.2,4,0.5
2026-03-03_14-56-25-108220_2c4ec4,4,10000000,classical_phantom_ttt,10000384.0,0.2216161762589002,0.1644992802278091,0.19305772824335465,iem_ppo,0.4,True,3.0,0.1,True,True,0.25,100,True,0.95,0.99,0.0005,0.00025,0.5,True,8,4,128,,,2.4,4,0.5
2026-03-11_15-54-26-578367_e52f8b,4,3000000,classical_phantom_ttt,2000896.0,0.7495876880128163,0.6311540478775896,0.690370867945203,iem_ppo,0.4,True,3.0,0.1,True,True,0.25,100,True,0.95,0.99,0.0005,0.00025,0.5,True,8,4,128,sparsemax,,2.4,4,0.5
2026-03-11_16-10-17-532986_5649b0,4,3000000,classical_phantom_ttt,3000320.0,0.7273773120690934,0.6322613602877005,0.679819336178397,iem_ppo,0.6,True,3.0,0.1,True,True,0.25,100,True,0.95,0.99,0.0005,0.00025,0.5,True,8,4,128,sparsemax,,2.0,4,0.5
2026-03-11_16-48-01-212439_584e1b,4,3000000,classical_phantom_ttt,3000320.0,0.8658039809071172,0.6712583544920507,0.768531167699584,iem_ppo,0.6,True,3.0,0.1,True,True,1.0,100,True,0.95,0.99,0.0005,0.00025,0.5,True,8,4,128,sparsemax,,2.0,4,0.5
2026-03-11_18-40-10-110674_60d7e6,4,3000000,classical_phantom_ttt,3000320.0,0.8658039809071172,0.6712583544920507,0.768531167699584,iem_ppo,0.6,True,3.0,0.1,True,True,1.0,100,True,0.95,0.99,0.0005,0.00025,0.5,True,8,4,128,sparsemax,,2.0,4,0.5
2026-03-12_13-37-36-459707_949542,4,3000000,classical_phantom_ttt,3000320.0,0.9423519756953166,0.5625990469295291,0.7524755113124229,iem_ppo,0.6,True,3.0,0.1,True,True,0.1,100,True,0.95,0.99,0.0005,0.00025,0.5,True,8,4,128,sparsemax,,2.0,4,0.5
2026-03-12_18-09-14-115351_035d23,4,3000000,classical_phantom_ttt,3000320.0,0.6152487214637099,0.5424258442051728,0.5788372828344414,iem_ppo,0.6,True,5.0,0.1,True,True,0.1,100,True,0.95,0.99,0.0005,0.00025,0.5,True,8,4,128,sparsemax,,2.0,4,0.5
2026-03-12_19-16-26-321752_c985dd,4,3000000,classical_phantom_ttt,3000320.0,0.5968046914702058,0.5293598651895968,0.5630822783299012,iem_ppo,0.6,True,5.0,0.1,True,True,0.1,100,True,0.95,0.99,0.0005,0.00025,0.5,True,8,4,128,sparsemax,,1.5,4,0.5
2026-03-13_14-47-35-519407_54bee0,4,3000000,classical_phantom_ttt,3000320.0,1.0556866576793276,0.4915493159932951,0.7736179868363113,iem_ppo,0.6,True,5.0,0.1,True,True,0.1,100,True,0.95,0.99,0.0005,0.00025,0.5,True,8,4,128,sparsemax,,1.2,4,0.5
2026-03-13_15-19-52-819759_7c3fbf,4,3000000,classical_phantom_ttt,3000320.0,0.8941587230023149,0.66374814265665,0.7789534328294825,iem_ppo,0.6,True,5.0,0.1,True,True,0.1,100,True,0.95,0.99,0.0005,0.00025,0.5,True,8,4,128,sparsemax,0.01,1.2,4,0.5
2026-03-13_16-45-26-875823_2f9461,4,3000000,classical_phantom_ttt,3000320.0,0.7986473112724005,0.5972007623192561,0.6979240367958284,iem_ppo,0.6,True,5.0,0.1,True,True,0.1,100,True,0.95,0.99,0.0005,0.0001,0.5,True,8,4,128,sparsemax,,1.2,4,0.5
2026-03-14_10-37-53-212997_0db917,4,3000000,classical_phantom_ttt,2000896.0,0.7828907690861615,0.642315630969141,0.7126032000276512,iem_ppo,0.6,True,3.0,0.05,True,True,0.2,100,True,0.95,0.99,0.0005,0.00025,0.5,True,8,4,128,sparsemax,,1.2,2,0.5
2026-03-14_10-55-16-144403_22e436,4,3000000,classical_phantom_ttt,3000320.0,0.7832320923687806,0.6565655927537705,0.7198988425612756,iem_ppo,0.6,True,3.0,0.05,True,True,0.2,100,True,0.95,0.99,0.0005,0.0001,0.5,True,8,4,128,sparsemax,0.01,1.2,2,0.5
2026-03-14_11-23-58-842426_5aba74,4,10000000,classical_phantom_ttt,10000384.0,0.6937049520994927,0.6067646615383773,0.650234806818935,iem_ppo,0.6,True,3.0,0.05,True,True,0.2,100,True,0.95,0.99,0.0005,0.0001,0.5,True,8,4,128,sparsemax,0.01,1.2,2,0.5
2026-03-15_13-44-37-935882_a2e098,4,10000000,classical_phantom_ttt,10000384.0,0.1688167057031195,0.1132436544139166,0.14103018005851803,iem_ppo,0.4,True,3.0,0.1,True,True,0.2,100,True,0.95,0.99,0.0005,0.00025,0.5,True,8,4,128,softmax,,2.0,4,0.5
2026-03-15_15-45-34-033509_4a2977,4,10000000,classical_phantom_ttt,10000384.0,0.1883461818765155,0.1348175468406733,0.1615818643585944,iem_ppo,0.3,True,3.0,0.1,True,True,0.25,100,True,0.95,0.99,0.0005,0.00025,0.5,True,8,4,128,softmax,,2.0,4,0.5
2026-03-15_22-14-55-101291_340e54,2,10000000,classical_phantom_ttt,10000384.0,0.178069156095767,0.1315695224440556,0.15481933926991132,iem_ppo,0.4,True,3.0,0.1,True,True,0.25,100,True,0.95,0.99,0.0005,0.00025,0.5,True,8,4,128,softmax,,2.0,4,0.5
2026-03-16_08-25-44-567494_684fd7,2,10000000,classical_phantom_ttt,10000384.0,0.1939158658751286,0.1342179716874406,0.1640669187812846,iem_ppo,0.3,True,2.0,0.1,True,True,0.25,100,True,0.95,0.99,0.0005,0.00025,0.5,True,8,4,128,softmax,,2.0,4,0.5
2026-03-16_12-13-58-537533_241d7e,2,10000000,classical_phantom_ttt,10000384.0,0.1522314855429219,0.137139124911968,0.14468530522744494,iem_ppo,0.4,True,2.0,0.1,True,True,0.25,100,True,0.95,0.99,0.0005,0.00025,0.5,True,8,4,128,softmax,,2.0,4,0.5
2026-03-16_13-32-19-570273_8342ec,2,10000000,classical_phantom_ttt,10000384.0,0.1539264967898006,0.1227918691575981,0.13835918297369937,iem_ppo,0.4,True,1.0,0.1,True,True,0.25,100,True,0.95,0.99,0.0005,0.00025,0.5,True,8,4,128,softmax,,2.0,4,0.5
2026-03-16_18-43-20-932770_6f2296,2,10000000,classical_phantom_ttt,10000384.0,0.1569840952488249,0.1479098881164451,0.15244699168263498,iem_ppo,0.4,True,1.0,0.1,True,True,0.25,100,True,0.95,0.99,0.0005,0.0005,0.5,True,8,4,128,softmax,,2.0,4,0.5
2026-03-16_23-56-39-147683_570d65,2,10000000,classical_phantom_ttt,10000384.0,0.2801250600198604,0.1534883041516035,0.21680668208573195,iem_ppo,0.4,True,1.0,0.05,True,True,0.1,100,True,0.95,0.99,0.001,0.002,2.0,True,8,4,128,softmax,,2.0,4,0.0625
2026-03-17_08-35-25-323793_083c1c,2,10000000,classical_phantom_ttt,10000384.0,0.2331036942864168,0.1661834326727083,0.19964356347956255,iem_ppo,0.4,True,1.0,0.05,True,True,0.2,100,True,0.95,0.99,0.001,0.002,2.0,True,8,4,128,softmax,,2.0,4,0.0625
2026-03-17_13-08-20-684677_1c9307,2,10000000,classical_phantom_ttt,10000384.0,0.2348253109359704,0.2297312790909382,0.23227829501345432,iem_ppo,0.4,True,0.5,0.05,True,True,0.2,100,True,0.95,0.99,0.001,0.002,2.0,True,8,4,128,softmax,,2.0,4,0.0625
2026-03-17_14-43-53-500974_d41d3f,2,10000000,classical_phantom_ttt,6000640.0,1.6218309702479208,0.00550092310913,0.8136659466785254,iem_ppo,0.4,True,1.0,0.05,True,True,0.2,100,True,0.95,0.99,0.001,0.002,2.0,True,8,2,512,softmax,,2.0,1,0.0625
2026-03-17_15-36-43-582582_7ac9bd,2,3000000,classical_phantom_ttt,3002368.0,0.7512786356595683,0.2958963735338664,0.5235875045967173,iem_ppo,0.6,True,3.0,0.05,True,True,0.2,100,True,0.95,0.99,0.0005,0.00025,2.0,True,8,2,512,softmax,,2.0,1,0.0625
2026-03-17_16-27-25-279538_48c4db,2,3000000,classical_phantom_ttt,3002368.0,0.3883715637323651,0.5614277772537499,0.4748996704930575,iem_ppo,0.6,True,3.0,0.05,True,True,0.2,100,True,0.95,0.99,0.0005,0.00025,2.0,True,8,2,512,softmax,,2.0,1,0.1
2026-03-17_21-06-52-999568_fd0631,2,3000000,classical_phantom_ttt,3002368.0,0.6108282265037723,0.3248858270773961,0.4678570267905842,iem_ppo,0.6,True,3.0,0.05,True,True,0.2,100,True,0.95,0.99,0.0005,0.00025,2.0,True,8,2,512,softmax,,2.0,1,0.5
2026-03-18_08-50-36-357900_d066d6,2,3000000,classical_phantom_ttt,2002944.0,0.7783131595822326,0.7161910415005659,0.7472521005413992,iem_ppo,0.6,True,3.0,0.05,True,True,1.0,100,True,0.95,0.99,0.0005,0.00025,2.0,True,8,2,512,softmax,,2.0,1,0.1
2026-03-18_09-11-13-416495_c25965,2,3000000,classical_phantom_ttt,2002944.0,0.7774648500570044,0.7128481682110308,0.7451565091340175,iem_ppo,0.6,True,3.0,0.05,True,True,1.0,100,True,0.95,0.99,0.0005,0.00025,0.5,True,8,2,512,softmax,,2.0,1,0.1
2026-03-18_09-36-08-155440_b958cb,2,3000000,classical_phantom_ttt,3002368.0,0.5504624244099632,0.4549920757723588,0.502727250091161,iem_ppo,0.6,True,3.0,0.05,True,True,0.25,100,True,0.95,0.99,0.0005,0.00025,0.5,True,8,2,512,softmax,,2.0,1,0.1
2026-03-18_09-58-31-598686_9997f9,2,3000000,classical_phantom_ttt,3000320.0,0.2113140243097072,0.1747190637183802,0.1930165440140437,iem_ppo,0.6,True,3.0,0.05,True,True,0.25,100,True,0.95,0.99,0.0005,0.00025,0.5,True,8,4,128,softmax,,2.0,4,0.1
2026-03-18_11-46-24-932075_696b7c,2,3000000,classical_phantom_ttt,3000320.0,0.2492527620549567,0.204383835336452,0.22681829869570436,iem_ppo,0.6,True,3.0,0.05,True,True,0.25,100,True,0.95,0.99,0.0005,0.00025,0.5,True,8,4,128,softmax,,2.0,4,0.0625
2026-03-18_12-22-14-411421_f4dcb7,2,3000000,classical_phantom_ttt,3000320.0,0.2295618520378194,0.160427176338062,0.1949945141879407,iem_ppo,0.6,True,3.0,0.05,True,True,0.25,100,True,0.95,0.99,0.0005,0.00075,0.5,True,8,4,256,softmax,,2.0,2,0.25
2026-03-18_12-53-22-582067_271507,2,3000000,classical_phantom_ttt,3002368.0,0.2046760175268108,0.172575059532328,0.1886255385295694,iem_ppo,0.6,True,3.0,0.05,True,True,0.25,100,True,0.95,0.99,0.0005,0.00075,0.5,True,8,4,512,softmax,,2.0,2,0.25
2026-03-18_15-59-44-813534_4f28da,2,3000000,classical_phantom_ttt,3002368.0,0.263502914562321,0.1641804123851208,0.2138416634737209,iem_ppo,0.6,True,3.0,0.05,True,True,0.25,100,True,0.95,0.99,0.001,0.00075,0.5,True,8,4,512,softmax,,2.0,2,0.25
2026-03-18_16-34-22-102242_f0fcb2,2,3000000,classical_phantom_ttt,3002368.0,0.2745212059893107,0.182452357397396,0.22848678169335335,iem_ppo,0.6,True,3.0,0.05,True,True,0.25,100,True,0.95,0.99,0.0005,0.001,0.5,True,8,4,512,softmax,,2.0,2,0.25
2026-03-18_16-57-10-321663_0c6de5,2,3000000,classical_phantom_ttt,3002368.0,0.1637048000827414,0.1567757216472896,0.1602402608650155,iem_ppo,0.6,True,3.0,0.05,True,True,0.25,100,True,0.95,0.99,0.0005,0.0005,0.5,True,8,4,512,softmax,,2.0,2,0.25
2026-03-19_09-31-18-648741_133a30,2,3000000,classical_phantom_ttt,3002368.0,0.3092263131549368,0.2254658430288961,0.26734607809191646,iem_ppo,0.6,True,3.0,0.05,True,True,0.25,100,True,0.95,0.99,0.00025,0.00025,0.5,True,8,4,512,softmax,,2.0,2,0.25
2026-03-19_10-30-48-122475_03d8eb,2,3000000,classical_phantom_ttt,3006464.0,0.2100474507140107,0.1646568610232767,0.1873521558686437,iem_ppo,0.6,True,3.0,0.05,True,True,0.25,100,True,0.95,0.99,0.0005,0.0005,0.5,True,8,6,1024,softmax,,2.0,2,0.25
2026-03-19_12-33-01-382121_805eca,2,3000000,classical_phantom_ttt,3002368.0,0.176335866045173,0.1654481025372024,0.1708919842911877,iem_ppo,0.6,True,3.0,0.05,True,True,0.25,100,True,0.95,0.99,0.0005,0.0005,0.5,True,8,8,512,softmax,,2.0,2,0.25
2026-03-19_14-32-22-427495_fa6c9b,2,3000000,classical_phantom_ttt,3002368.0,0.1867696154396569,0.1623710851333074,0.17457035028648216,iem_ppo,0.6,True,3.0,0.05,True,True,0.25,100,True,0.95,0.99,0.0005,0.0005,0.5,True,8,4,512,softmax,,2.0,4,0.25
2026-03-19_17-43-51-884748_8396f5,2,10000000,classical_phantom_ttt,10002432.0,0.126273415215273,0.1588067927798628,0.1425401039975679,iem_ppo,0.4,True,1.0,0.05,True,True,0.25,100,True,0.95,0.99,0.0005,0.0005,0.5,True,8,4,512,softmax,,2.0,2,0.25
2026-03-19_18-50-02-696088_c95669,2,3000000,classical_phantom_ttt,3002368.0,0.2232608730589242,0.1620369940947632,0.1926489335768437,iem_ppo,0.6,True,1.0,0.05,True,True,0.25,100,True,0.95,0.99,0.0005,0.0005,0.5,True,8,4,512,softmax,,2.0,2,0.25
2026-03-19_19-12-31-509978_9b2c10,2,3000000,classical_phantom_ttt,3002368.0,0.2114536304017086,0.1625056391577573,0.18697963477973295,iem_ppo,0.6,True,2.0,0.05,True,True,0.25,100,True,0.95,0.99,0.0005,0.0005,0.5,True,8,4,512,softmax,,2.0,2,0.25
2026-03-19_22-21-58-563938_85a56c,2,3000000,classical_phantom_ttt,3002368.0,0.1637048000827414,0.1567757216472896,0.1602402608650155,iem_ppo,0.6,True,3.0,0.05,True,True,0.25,100,True,0.95,0.99,0.0005,0.0005,0.5,True,8,4,512,softmax,,2.0,2,0.25
2026-03-19_23-16-24-696020_011bc0,2,3000000,classical_phantom_ttt,3002368.0,0.1642100941415274,0.1786979553763257,0.17145402475892657,iem_ppo,0.6,True,4.0,0.05,True,True,0.25,100,True,0.95,0.99,0.0005,0.0005,0.5,True,8,4,512,softmax,,2.0,2,0.25
2026-03-20_09-14-34-398663_5815bc,2,3000000,classical_phantom_ttt,3002368.0,0.1817634972759362,0.1861760338514806,0.1839697655637084,iem_ppo,0.6,True,3.0,0.05,True,True,0.25,100,True,0.95,0.99,0.0005,0.0005,0.5,True,8,4,512,softmax,,2.0,2,0.1
2026-03-20_10-35-22-533118_6921da,2,3000000,classical_phantom_ttt,3002368.0,0.1793349145340505,0.1818555927760294,0.18059525365503995,iem_ppo,0.6,True,3.0,0.05,True,True,0.25,100,True,0.95,0.99,0.0005,0.0005,0.5,True,8,4,512,softmax,,2.0,2,0.05
2026-03-20_10-56-37-199189_42a976,2,3000000,classical_phantom_ttt,3002368.0,0.2164037176651533,0.1614563887562156,0.18893005321068446,iem_ppo,0.6,True,3.0,0.05,True,True,0.25,100,True,0.95,0.99,0.0005,0.0005,0.5,True,8,4,512,softmax,,2.0,2,0.4
2026-03-20_11-19-02-338108_e0d1ea,2,3000000,classical_phantom_ttt,3002368.0,0.2541434043390461,0.1902892725084755,0.2222163384237608,iem_ppo,0.6,True,3.0,0.01,True,True,0.25,100,True,0.95,0.99,0.0005,0.0005,1.0,True,8,4,512,softmax,,2.0,2,0.25
2026-03-20_11-49-20-203432_287a12,2,3000000,classical_phantom_ttt,3002368.0,0.2597466708363182,0.2016352156483669,0.23069094324234254,iem_ppo,0.6,True,3.0,0.01,True,True,0.25,100,True,0.95,0.99,0.0005,0.0005,0.5,True,8,4,512,softmax,,2.0,2,0.25
2026-03-20_12-38-11-107270_d75718,2,3000000,classical_phantom_ttt,3002368.0,0.2270522341547048,0.1806913610293931,0.20387179759204893,iem_ppo,0.6,True,3.0,0.05,True,True,0.25,100,True,0.95,0.99,0.0005,0.0005,1.0,True,8,4,512,softmax,,2.0,2,0.25
2026-03-20_13-40-13-183894_d39e5e,2,10000000,classical_phantom_ttt,10000384.0,0.1816396991520125,0.1192123482181116,0.15042602368506205,iem_ppo,0.6,True,3.0,0.05,True,True,0.25,100,True,0.95,0.99,0.0005,0.0005,0.5,True,4,4,512,softmax,,2.0,2,0.25
2026-03-20_15-39-06-199308_9bea07,2,3000000,classical_phantom_ttt,3002368.0,0.1829788628271855,0.1773998062127851,0.1801893345199853,iem_ppo,0.6,True,3.0,0.05,True,True,0.25,100,True,0.95,0.99,0.0005,0.0005,0.5,True,16,4,256,softmax,,2.0,2,0.25
2026-03-20_15-55-21-959276_44e18c,2,3000000,classical_phantom_ttt,3006464.0,0.2705766980422195,0.2097738640112204,0.24017528102671995,iem_ppo,0.6,True,3.0,0.05,True,True,0.25,100,True,0.95,0.99,0.0005,0.0005,0.5,True,8,4,1024,softmax,,2.0,2,0.25
2026-03-20_16-45-01-387299_d577d3,2,3000000,classical_phantom_ttt,3002368.0,0.290907306747356,0.1919463696974799,0.24142683822241795,iem_ppo,0.6,True,3.0,0.05,True,True,0.25,100,True,0.95,0.99,0.0005,0.0005,0.5,True,4,4,1024,softmax,,2.0,2,0.25
2026-03-20_17-51-43-939632_f2bd71,2,10000000,classical_phantom_ttt,2002944.0,0.2632244695425327,0.2556028923608616,0.25941368095169715,iem_ppo,0.6,True,3.0,0.05,True,True,0.25,100,True,0.95,0.99,0.0005,0.0005,0.5,True,8,4,512,softmax,,2.0,2,0.25
2026-03-20_18-16-05-046779_d764e9,2,10000000,classical_phantom_ttt,10002432.0,0.1763135389122674,0.1459304310625845,0.16112198498742594,iem_ppo,0.4,True,3.0,0.05,True,True,0.25,100,True,0.95,0.99,0.0005,0.0005,0.5,True,8,4,512,softmax,,2.0,2,0.25
2026-03-20_21-41-47-056507_9fe56a,10001,10000000,classical_phantom_ttt,10002432.0,0.1605595930667627,0.1175612466381849,0.1390604198524738,iem_ppo,0.4,True,3.0,0.05,True,True,0.25,100,True,0.95,0.99,0.0005,0.0005,0.5,True,8,4,512,softmax,,2.0,2,0.25
2026-03-20_22-54-36-701394_8ea30f,10001,10000000,classical_phantom_ttt,10002432.0,0.1430883367742658,0.1227631546334039,0.13292574570383486,iem_ppo,0.4,True,3.0,0.05,True,True,0.25,100,True,0.95,0.99,0.0007,0.0006,0.5,True,8,4,512,softmax,,2.0,2,0.25
2026-03-21_15-44-26-038815_d74a77,10001,10000000,classical_phantom_ttt,10002432.0,0.1776095526635739,0.2077120878268843,0.1926608202452291,iem_ppo,0.4,True,3.0,0.05,True,True,0.4,100,True,0.95,0.99,0.0007,0.0006,0.5,True,8,4,512,softmax,,2.0,2,0.25
2026-03-21_16-54-00-268349_d9b3d3,10001,10000000,classical_phantom_ttt,6000640.0,1.0481546363846557,0.0381226881601525,0.543138662272404,iem_ppo,0.4,True,3.0,0.05,True,True,0.1,100,True,0.95,0.99,0.0007,0.0006,0.5,True,8,4,512,softmax,,2.0,2,0.25
2026-03-21_17-42-39-976260_174f5e,10001,10000000,classical_phantom_ttt,10002432.0,0.1812781264038843,0.1364852448039286,0.15888168560390645,iem_ppo,0.4,True,3.0,0.05,True,True,0.25,100,True,0.95,0.99,0.0007,0.0006,0.5,True,8,4,1024,softmax,,2.0,2,0.25
2026-03-21_21-07-02-130384_85f72e,10001,10000000,classical_phantom_ttt,10002432.0,0.1575467722669455,0.1231467570547124,0.14034676466082896,iem_ppo,0.4,True,3.0,0.05,True,True,0.25,100,True,0.95,0.99,0.001,0.002,0.5,True,8,2,512,softmax,,2.0,2,0.0625
2026-03-21_22-12-46-683751_d104ae,10001,10000000,classical_phantom_ttt,10002432.0,0.1686340941543302,0.1285273228167985,0.14858070848556434,iem_ppo,0.4,True,3.0,0.05,True,True,0.25,100,True,0.95,0.99,0.001,0.002,0.5,True,8,2,512,softmax,,2.0,2,0.0625
2026-03-21_23-21-39-798917_c6e573_3.0beta_anneal_old_config,10001,10000000,classical_phantom_ttt,10002432.0,0.1326404982676331,0.1292022426887935,0.13092137047821328,iem_ppo,0.4,True,3.0,0.05,True,True,0.25,100,True,0.95,0.99,0.0007,0.0006,0.5,True,8,4,512,softmax,,2.0,2,0.25
2026-03-22_13-01-19-359029_cb9691,10001,10000000,classical_phantom_ttt,10002432.0,0.1597235603167507,0.120137794047068,0.13993067718190935,iem_ppo,0.3,True,3.0,0.05,True,True,0.25,100,True,0.95,0.99,0.0007,0.0006,0.5,True,8,4,512,softmax,,2.0,2,0.25
2026-03-22_14-09-41-701774_31232d_0.0beta_0.13expl,10001,10000000,classical_phantom_ttt,10002432.0,0.1490519483442516,0.1114121057338812,0.1302320270390664,iem_ppo,0.4,True,0.0,0.05,True,True,0.25,100,True,0.95,0.99,0.001,0.002,0.5,True,8,2,512,softmax,,2.0,2,0.0625
2026-03-22_16-33-38-717148_cdaafb_1.0beta,10001,10000000,classical_phantom_ttt,10002432.0,0.1485506095837859,0.1159371942477873,0.1322439019157866,iem_ppo,0.4,True,1.0,0.05,True,True,0.25,100,True,0.95,0.99,0.001,0.002,0.5,True,8,2,512,softmax,,2.0,2,0.0625
2026-03-22_22-57-56-237617_5e34a0_1.0_differentbins_same,10001,10000000,classical_phantom_ttt,10002432.0,0.1485506095837859,0.1159371942477873,0.1322439019157866,iem_ppo,0.4,True,1.0,0.05,True,True,0.25,100,True,0.95,0.99,0.001,0.002,0.5,True,8,2,512,softmax,,2.0,2,0.0625
2026-03-23_08-42-10-283441_02fd88,10001,10000000,classical_phantom_ttt,10002432.0,0.1686340941543302,0.1285273228167985,0.14858070848556434,iem_ppo,0.4,True,3.0,0.05,True,True,0.25,100,True,0.95,0.99,0.001,0.002,0.5,True,8,2,512,softmax,,2.0,2,0.0625
2026-03-23_14-27-40-080030_ce6769_0.12expl_0.95decay_0.4alpha_shannonconfig,10001,10000000,classical_phantom_ttt,10002432.0,0.1361827744576879,0.1183359988943595,0.1272593866760237,iem_ppo,0.4,True,3.0,0.05,True,True,0.25,100,True,0.95,0.99,0.001,0.002,0.5,True,8,2,512,softmax,,2.0,2,0.0625
2026-03-23_15-36-02-446026_acfce4,10001,10000000,classical_phantom_ttt,10002432.0,0.1461294946208764,0.1252768149534774,0.1357031547871769,iem_ppo,0.5,True,3.0,0.05,True,True,0.25,100,True,0.95,0.99,0.001,0.002,0.5,True,8,2,512,softmax,,2.0,2,0.0625
2026-03-23_16-40-39-372792_e19ec1,10001,10000000,classical_phantom_ttt,10002432.0,0.178371892823596,0.1331734823410725,0.15577268758233426,iem_ppo,0.4,True,3.0,0.05,True,True,0.25,100,True,0.95,0.99,0.0007,0.0006,0.5,True,8,4,512,softmax,,2.0,2,0.25
2026-03-23_17-47-53-885016_067c94,10001,10000000,classical_phantom_ttt,10002432.0,0.1554768093254428,0.1112086835295685,0.13334274642750565,iem_ppo,0.4,True,3.0,0.05,True,True,0.25,100,True,0.95,0.99,0.002,0.002,0.5,True,8,2,512,softmax,,2.0,2,0.0625
2026-03-23_20-24-17-432153_c3f1f6,10001,10000000,classical_phantom_ttt,10002432.0,0.1812446933614874,0.1116611292619524,0.1464529113117199,iem_ppo,0.4,True,3.0,0.05,True,True,0.25,100,True,0.95,0.99,0.0005,0.001,0.5,True,8,2,512,softmax,,2.0,2,0.0625
2026-03-23_22-55-45-984584_a3338b,10001,10000000,classical_phantom_ttt,10002432.0,0.143489838650636,0.1250810543485063,0.13428544649957114,iem_ppo,0.4,True,3.0,0.05,True,True,0.25,100,True,0.95,0.99,0.001,0.002,0.5,True,8,2,512,softmax,,1.5,2,0.0625
2026-03-24_08-29-58-250444_fa320b,10001,10000000,classical_phantom_ttt,10002432.0,0.6403879067992906,0.1190674150083636,0.3797276609038271,iem_ppo,0.4,True,3.0,0.05,True,True,0.25,100,True,0.95,0.99,0.001,0.002,0.5,True,8,2,512,softmax,,2.0,1,0.0625
2026-03-24_11-24-19-480089_fee86d,10001,10000000,classical_phantom_ttt,10002432.0,0.2185771786448773,0.1249625251394996,0.17176985189218846,iem_ppo,0.4,True,3.0,0.05,True,True,0.25,100,True,0.95,0.99,0.001,0.002,0.5,True,8,2,512,softmax,,2.0,3,0.0625
2026-03-24_12-31-17-803069_3dec39,1,10000000,classical_phantom_ttt,10002432.0,0.1528466174579477,0.1502944180001399,0.15157051772904379,iem_ppo,0.4,True,3.0,0.05,True,True,0.25,100,True,0.95,0.99,0.001,0.002,0.5,True,8,2,512,softmax,,2.0,2,0.0625
2026-03-24_13-42-58-738470_26cb54,1,10000000,classical_phantom_ttt,10002432.0,0.166670879128342,0.136507658021992,0.151589268575167,iem_ppo,0.4,True,3.0,0.05,True,True,0.25,100,True,0.95,0.99,0.0007,0.0006,0.5,True,8,4,512,softmax,,2.0,2,0.25
2026-03-24_14-50-13-854355_11155e,1,10000000,classical_phantom_ttt,10002432.0,0.1519064950700301,0.1252704251449984,0.13858846010751424,iem_ppo,0.4,True,3.0,0.05,True,True,0.25,100,True,0.95,0.99,0.0007,0.0006,0.5,True,8,4,512,softmax,,2.0,2,0.25
2026-03-24_16-45-57-882840_bb309b,1,10000000,classical_phantom_ttt,8003584.0,0.2026452754504987,0.1605735620736678,0.18160941876208325,iem_ppo,0.4,True,3.0,0.05,True,True,0.25,100,True,0.95,0.99,0.0007,0.0006,0.5,True,8,4,512,softmax,,2.0,2,0.25
2026-03-24_17-40-16-507099_10d5dd,1,10000000,classical_phantom_ttt,10002432.0,0.1916451725430797,0.1430890434015929,0.16736710797233628,iem_ppo,0.4,True,1.0,0.05,True,True,0.25,100,True,0.95,0.99,0.0005,0.00025,0.5,True,8,4,512,softmax,,2.0,4,0.5
2026-03-24_19-34-48-586966_ada767,1,10000000,classical_phantom_ttt,10002432.0,0.1776687860652163,0.1304393992529126,0.15405409265906445,iem_ppo,0.4,True,1.0,0.05,True,True,0.25,100,True,0.95,0.99,0.0005,0.0005,0.5,True,8,4,512,softmax,,2.0,4,0.5
2026-03-25_09-28-23-272318_071ff9,1,10000000,classical_phantom_ttt,10002432.0,0.1792767397743011,0.1275173453378086,0.15339704255605485,iem_ppo,0.4,True,3.0,0.05,True,True,0.25,100,True,0.95,0.99,0.002,0.002,0.5,True,8,2,512,softmax,,2.0,2,0.0625
2026-03-25_11-42-20-422567_621b70,1,10000000,classical_phantom_ttt,10002432.0,0.5413252709995202,0.1252269771852012,0.33327612409236074,iem_ppo,0.4,True,3.0,0.06,True,True,0.2,100,True,0.95,0.99,0.001,0.002,0.5,True,8,2,512,softmax,,2.0,2,0.0625
2026-03-25_13-35-52-097384_d0ad0b,1,10000000,classical_phantom_ttt,10002432.0,0.1285064623353876,0.1483139068300492,0.1384101845827184,iem_ppo,0.4,True,3.0,0.05,True,True,0.3,100,True,0.95,0.99,0.001,0.002,0.5,True,8,2,512,softmax,,2.0,2,0.0625
2026-03-25_15-00-25-435240_705079,1,10000000,classical_phantom_ttt,10002432.0,0.1285064623353876,0.1483139068300492,0.1384101845827184,iem_ppo,0.4,True,3.0,0.05,True,True,0.3,100,True,0.95,0.99,0.001,0.002,0.5,True,8,2,512,softmax,,2.0,2,0.0625
2026-03-25_17-46-11-281735_c9a16e,1,10000000,classical_phantom_ttt,10002432.0,0.1468685704198992,0.1436574842665691,0.14526302734323415,iem_ppo,0.4,True,3.0,0.05,True,True,0.3,100,True,0.95,0.99,0.0005,0.002,0.5,True,8,2,512,softmax,,2.0,2,0.0625
2026-03-26_00-40-19-919308_0feefc,1,10000000,classical_phantom_ttt,10002432.0,0.1373545867066544,0.138725928748495,0.1380402577275747,iem_ppo,0.4,True,2.0,0.05,True,True,0.3,100,True,0.95,0.99,0.001,0.002,0.5,True,8,2,512,softmax,,2.0,2,0.0625
2026-03-26_09-05-53-843292_ddb2a0,1,10000000,classical_phantom_ttt,10002432.0,0.168055388461557,0.1447933340732971,0.15642436126742704,iem_ppo,0.4,True,2.0,0.05,True,True,0.3,100,True,0.95,0.99,0.001,0.002,0.5,True,8,2,512,softmax,,2.0,2,0.0625
2026-03-26_10-38-11-844216_2312cf,1,10000000,classical_phantom_ttt,10002432.0,0.1476904322845627,0.154783262253599,0.15123684726908085,iem_ppo,0.4,True,2.0,0.05,True,True,0.3,100,True,0.95,0.99,0.001,0.002,0.5,True,8,2,512,softmax,,2.0,2,0.0625
2026-03-26_14-37-59-333201_34a03d,1,10000000,classical_phantom_ttt,10002432.0,0.1690328645046835,0.1389344623051501,0.15398366340491682,iem_ppo,0.4,True,3.0,0.05,True,True,0.3,100,True,0.95,0.99,0.001,0.002,0.5,True,8,2,512,softmax,,2.0,2,0.0625
2026-03-26_16-03-53-513803_957fd0,1,10000000,classical_phantom_ttt,10002432.0,0.1420408892435041,0.1100553120374129,0.12604810064045852,iem_ppo,0.4,True,0.0,0.05,True,True,0.1,100,True,0.95,0.99,0.001,0.002,2.0,True,8,2,512,,,,1,0.0625
2026-03-26_16-44-24-306342_0377a7,1,10000000,classical_phantom_ttt,10002432.0,0.1177982023280257,0.1327361435200377,0.1252671729240317,iem_ppo,0.4,True,0.0,0.05,True,False,0.1,100,True,0.95,0.99,0.001,0.002,2.0,True,8,2,512,,,,1,0.0625
2026-03-26_21-47-18-825351_d5122a,1,10000000,classical_phantom_ttt,10002432.0,0.1314799566135873,0.1394774913834968,0.13547872399854205,iem_ppo,0.4,True,1.0,0.05,True,False,0.1,100,True,0.95,0.99,0.001,0.002,2.0,True,8,2,512,,,,1,0.0625
2026-03-26_22-41-55-481162_a85be0,1,10000000,classical_phantom_ttt,10002432.0,0.1093248163281297,0.1089326163318101,0.1091287163299699,iem_ppo,0.4,True,0.5,0.05,True,False,0.1,100,True,0.95,0.99,0.001,0.002,2.0,True,8,2,512,,,,1,0.0625
2026-03-26_23-35-50-476020_95e480,2,10000000,classical_phantom_ttt,10002432.0,0.1281819412680673,0.1197918475248749,0.1239868943964711,iem_ppo,0.4,True,0.5,0.05,True,False,0.1,100,True,0.95,0.99,0.001,0.002,2.0,True,8,2,512,,,,1,0.0625
2026-03-27_08-10-57-188160_80d527,3,10000000,classical_phantom_ttt,10002432.0,0.1135257260656141,0.1132394644390555,0.1133825952523348,iem_ppo,0.4,True,0.5,0.05,True,False,0.1,100,True,0.95,0.99,0.001,0.002,2.0,True,8,2,512,,,,1,0.0625
2026-03-27_10-23-36-506441_77e505,3,10000000,classical_phantom_ttt,4001792.0,1.9998936763394668,0.0001063876315492,1.000000031985508,iem_ppo,0.4,True,0.5,0.05,True,False,0.1,100,True,0.95,0.99,0.001,0.002,2.0,True,8,2,512,softmax,,2.0,1,0.0625
2026-03-27_10-58-28-511405_55872f,3,10000000,classical_phantom_ttt,10002432.0,0.2107404628323633,0.2728797001347415,0.2418100814835524,iem_ppo,0.4,True,0.5,0.05,True,False,0.5,100,True,0.95,0.99,0.001,0.002,2.0,True,8,2,512,softmax,,2.0,2,0.0625
2026-04-02_11-46-45-657365_4f41ef,1,10000000,classical_phantom_ttt,10002432.0,1.619479070743568,3.7019697469276025e-05,0.8097580452205186,iem_ppo,0.4,True,3.0,0.05,True,True,0.1,100,True,0.95,0.99,0.001,0.002,0.5,True,8,2,512,softmax,,2.0,2,0.0625
2026-04-02_14-22-14-121978_613407,1,10000000,classical_phantom_ttt,10002432.0,0.1666666700635202,0.1890782837925529,0.17787247692803654,iem_ppo,0.4,True,3.0,0.05,True,True,0.15,100,True,0.95,0.99,0.001,0.002,0.5,True,8,2,512,softmax,,2.0,2,0.0625
2026-04-02_16-04-23-078711_f3bce3,1,10000000,classical_phantom_ttt,10002432.0,0.1274148755269811,0.1181341909494556,0.12277453323821835,iem_ppo,0.4,True,3.0,0.05,True,True,0.2,100,True,0.95,0.99,0.001,0.002,0.5,True,8,2,512,softmax,,2.0,2,0.0625
2026-04-02_17-20-22-856879_1087e5,1,10000000,classical_phantom_ttt,10002432.0,0.1573976639305689,0.1753879066867216,0.16639278530864526,iem_ppo,0.4,True,3.0,0.05,True,True,0.35,100,True,0.95,0.99,0.001,0.002,0.5,True,8,2,512,softmax,,2.0,2,0.0625
2026-04-02_18-24-41-100497_c4cc53,1,10000000,classical_phantom_ttt,10002432.0,0.1723895785206972,0.1905236678610694,0.1814566231908833,iem_ppo,0.4,True,3.0,0.05,True,True,0.4,100,True,0.95,0.99,0.001,0.002,0.5,True,8,2,512,softmax,,2.0,2,0.0625
2026-04-03_00-46-22-887403_2e3725,1,10000000,classical_phantom_ttt,10002432.0,0.1617308341386125,0.1173513202008394,0.13954107716972594,iem_ppo,0.4,True,0.0,0.05,True,True,0.2,100,True,0.95,0.99,0.001,0.002,0.5,True,8,2,512,softmax,,2.0,2,0.0625
2026-04-03_02-26-18-373075_9fb2ad,1,10000000,classical_phantom_ttt,10002432.0,0.144973108276695,0.1454324107034106,0.1452027594900528,iem_ppo,0.4,True,1.0,0.05,True,True,0.2,100,True,0.95,0.99,0.001,0.002,0.5,True,8,2,512,softmax,,2.0,2,0.0625
2026-04-03_04-06-00-102312_24a692,1,10000000,classical_phantom_ttt,10002432.0,0.1562554825922336,0.1229579685101162,0.1396067255511749,iem_ppo,0.4,True,3.0,0.05,True,True,0.2,100,True,0.95,0.99,0.001,0.002,0.5,True,8,2,512,softmax,,1.5,2,0.0625
2026-04-03_05-47-37-330750_996d76,1,10000000,classical_phantom_ttt,10002432.0,0.1547222706203496,0.1142272649689448,0.1344747677946472,iem_ppo,0.4,True,0.0,0.05,True,True,0.2,100,True,0.95,0.99,0.001,0.002,0.5,True,8,2,512,softmax,,1.5,2,0.0625
2026-04-03_07-28-55-104776_630705,1,10000000,classical_phantom_ttt,10002432.0,0.1364739902785791,0.1175391594047601,0.1270065748416696,iem_ppo,0.4,True,0.0,0.05,True,True,0.2,100,True,0.95,0.99,0.001,0.002,0.5,True,8,2,512,softmax,,1.2,2,0.0625
2026-04-03_11-23-23-057344_97cc81,1,10000000,classical_phantom_ttt,10002432.0,0.1763669639495236,0.1281599679795169,0.15226346596452023,iem_ppo,0.4,True,3.0,0.05,True,True,0.2,100,True,0.95,0.99,0.001,0.002,1.0,True,8,2,512,softmax,,2.0,2,0.0625
2026-04-03_13-03-24-109746_ea03a7,1,10000000,classical_phantom_ttt,10002432.0,0.1468042730607878,0.128083956406017,0.1374441147334024,iem_ppo,0.4,True,5.0,0.05,True,True,0.2,100,True,0.95,0.99,0.001,0.002,0.5,True,8,2,512,softmax,,2.0,2,0.0625
2026-04-03_14-43-42-941383_ad4e6c,1,10000000,classical_phantom_ttt,10002432.0,0.1497834299702731,0.1304896793366523,0.1401365546534627,iem_ppo,0.4,True,3.0,0.05,True,True,0.2,100,True,0.95,0.99,0.001,0.002,0.5,True,8,2,512,softmax,,2.0,2,0.125
2026-04-03_16-23-18-535729_fc70d5,1,10000000,classical_phantom_ttt,10002432.0,0.1590708558899758,0.1644381380098589,0.16175449694991734,iem_ppo,0.3,True,3.0,0.05,True,True,0.2,100,True,0.95,0.99,0.001,0.002,0.5,True,8,2,512,softmax,,2.0,2,0.0625
2026-04-03_18-05-31-805829_ba9625,1,10000000,classical_phantom_ttt,10002432.0,0.1817818472645888,0.166305858236184,0.1740438527503864,iem_ppo,0.4,True,3.0,0.05,True,True,0.2,100,True,0.95,0.99,0.001,0.003,0.5,True,8,2,512,softmax,,2.0,2,0.0625
2026-04-03_21-23-55-541355_53092e,2,10000000,classical_phantom_ttt,10002432.0,0.1285199588572496,0.1028677093828464,0.115693834120048,iem_ppo,0.4,True,3.0,0.05,True,True,0.2,100,True,0.95,0.99,0.001,0.002,0.5,True,8,2,512,softmax,,2.0,2,0.0625
2026-04-03_23-04-05-094290_9585bb,3,10000000,classical_phantom_ttt,10002432.0,0.1863366441624329,0.1121881095137987,0.1492623768381158,iem_ppo,0.4,True,3.0,0.05,True,True,0.2,100,True,0.95,0.99,0.001,0.002,0.5,True,8,2,512,softmax,,2.0,2,0.0625
2026-04-04_17-32-33-125777_1f997e,1,10000000,classical_phantom_ttt,10002432.0,0.1315551062043038,0.1254050510926251,0.12848007864846445,iem_ppo,0.4,True,0.5,0.05,True,True,0.1,10,True,0.95,0.99,0.001,0.002,2.0,True,8,2,512,,,,1,0.0625
2026-04-04_18-08-13-979605_6c33b1,2,10000000,classical_phantom_ttt,10002432.0,0.124819141375337,0.1167561119028587,0.12078762663909785,iem_ppo,0.4,True,0.5,0.05,True,True,0.1,10,True,0.95,0.99,0.001,0.002,2.0,True,8,2,512,,,,1,0.0625
2026-04-04_18-44-00-174187_dd84b4,3,10000000,classical_phantom_ttt,10002432.0,0.1188818517381931,0.1151914573599925,0.1170366545490928,iem_ppo,0.4,True,0.5,0.05,True,True,0.1,10,True,0.95,0.99,0.001,0.002,2.0,True,8,2,512,,,,1,0.0625
2026-04-04_22-02-26-361734_40d708,1,10000000,classical_phantom_ttt,10002432.0,0.132479633244607,0.1156495422328436,0.1240645877387253,iem_ppo,0.4,True,1.0,0.05,True,True,0.1,10,True,0.95,0.99,0.001,0.002,2.0,True,8,2,512,,,,1,0.0625
2026-04-04_23-06-36-737828_dc116d,2,10000000,classical_phantom_ttt,10002432.0,0.1481526895842392,0.1265830416009236,0.1373678655925814,iem_ppo,0.4,True,1.0,0.05,True,True,0.1,10,True,0.95,0.99,0.001,0.002,2.0,True,8,2,512,,,,1,0.0625
2026-04-05_00-11-48-665398_45dd03,3,10000000,classical_phantom_ttt,10002432.0,0.1170802960801469,0.1339562418882933,0.1255182689842201,iem_ppo,0.4,True,1.0,0.05,True,True,0.1,10,True,0.95,0.99,0.001,0.002,2.0,True,8,2,512,,,,1,0.0625
2026-04-05_15-47-38-834670_7a2492,1,10000000,classical_phantom_ttt,10002432.0,0.1369523760753456,0.1188321527600652,0.1278922644177054,iem_ppo,0.5,True,3.0,0.05,True,False,0.1,10,True,0.95,0.99,0.001,0.002,2.0,True,8,2,512,,,,1,0.0625
2026-04-05_16-27-52-406187_e75169,2,10000000,classical_phantom_ttt,10002432.0,0.1314711659814015,0.0959660834253622,0.11371862470338184,iem_ppo,0.5,True,3.0,0.05,True,False,0.1,10,True,0.95,0.99,0.001,0.002,2.0,True,8,2,512,,,,1,0.0625
2026-04-05_20-47-18-989881_7fb6a0,3,10000000,classical_phantom_ttt,10002432.0,0.1332921446587281,0.1141045798415866,0.12369836225015735,iem_ppo,0.5,True,3.0,0.05,True,True,0.1,10,True,0.95,0.99,0.001,0.002,2.0,True,8,2,512,,,,1,0.0625
